2024-06-28 20:41:48.132200,HRZGDK8337|
2024-06-28 20:41:51.091148,HR2GDK8337
2024-06-28 20:42:01.618814,HRZGDK8337]
2024-06-28 20:42:16.430206,HR26DK8337
2024-06-28 20:42:22.253783,HRZGDK8337
2024-06-28 20:42:25.062318,HR26DKe337
2024-06-28 20:42:42.081893,HR26DK8337}
2024-06-28 20:42:51.325523,HR26DK8337
2024-06-28 20:42:57.708214,HR26DKe337
2024-06-28 20:43:07.561456,HR2GDK8337
2024-06-28 20:43:28.839934,HRZGDK8337
2024-06-28 20:43:32.376450,HR26DK8337
2024-06-28 20:43:35.564692,HR26DK8337
2024-06-28 20:43:38.729802,HR260K8337
2024-06-28 20:43:41.763795,HRZ6DK8337
2024-06-28 20:44:01.518563,MB 06 F 597/
2024-06-28 20:44:03.884424,HB 06
2024-06-28 20:44:06.251891,5977]
2024-06-28 20:44:08.521107,5977]
2024-06-28 20:44:10.736677,IND
2024-06-28 20:44:12.995370,5977]
2024-06-28 20:44:15.262641,IND
2024-06-28 20:44:17.559632,IND
2024-06-28 20:44:19.869847,INO
2024-06-28 20:44:22.260565,5977
2024-06-28 20:44:24.677348,ini
2024-06-28 20:45:45.831442,IND
2024-06-28 20:45:49.530359,MHO IAE8O17]
2024-06-28 20:45:56.276026,HHO IAE8O17]
2024-06-28 20:47:37.701938,'MNU
2024-06-28 20:55:41.915520,MHO TAE8O17
2024-06-28 20:56:11.941545,1AE8017
2024-06-28 20:57:40.203295,HR260K8337
2024-06-28 20:57:42.473256,HR26DK8337
2024-06-28 20:57:44.707391,HR260K8337
2024-06-28 20:57:46.928844,HR2GDK8332
2024-06-28 20:57:49.357109,HR260K8337
2024-06-28 21:02:16.906606,HR2SDK8337]
2024-06-28 21:02:19.614139,HRZGDK8337
2024-06-28 21:02:21.031505,HR26DK8337
2024-06-28 21:02:22.453020,HR2SDK8337
2024-06-28 21:02:25.365437,HRZGDK8337
2024-06-28 21:02:26.818328,HR2GDK8337
2024-06-28 21:02:31.738604,HR26DK8337
2024-06-28 21:02:35.695659,HR26DK8337
2024-06-28 21:02:37.667257,HR26DK8337
2024-06-28 21:02:39.595656,HRZGDK8337
2024-06-28 21:02:41.570481,HR26DK8337
2024-06-28 21:02:43.665941,HR26DK8337
2024-06-28 21:06:12.473768,HRZ6DK8337
2024-06-28 21:06:28.194668,HR26DK8337
2024-06-28 21:06:30.132548,HR26DK8327
2024-06-28 21:06:32.079629,HR260K8337
2024-06-28 21:06:40.068066,HRZ
2024-06-28 21:20:42.291925,HR26DK8337
2024-06-28 21:27:47.788849,HRZGDK8:
2024-06-28 21:30:51.392644,HR26DK8337
2024-06-28 21:30:53.114245,HRZSDK8337
2024-06-28 21:30:55.751201,HR26DK8337
2024-06-28 21:36:12.288475,HR26DK8337
2024-06-29 00:40:19.305506,TOOFASTL
2024-06-29 00:53:23.501020,TOQFAS
2024-06-29 17:21:49.562491,TOOFASI
2024-06-29 17:22:37.894294,TTOOFAST
2024-06-29 17:23:13.708285,TOFAS
2024-06-29 17:23:55.597292,HRZGDK83
2024-06-29 17:24:01.642122,HRZGDK83
2024-06-29 17:24:27.521883,HR2GDK8337
2024-06-29 17:24:33.750203,HR26DK8337
2024-06-29 17:24:36.384451,HR26DK8337
